{"default_step_template":"            <div class='step step-{%= o.level %}' id=''><div class='step-content'></div><div class='step-options-container'><div class='options-bg' role='presentation'><div class='bg-border'></div></div><div class='step-options'></div></div></div>        ","a_d_icon_solidLine":"<svg xmlns='http://www.w3.org/2000/svg' width='30' height='30'><rect fill='#{%= o.colour %}' x='3' y='14' width='24' height='2'></rect></svg>","a_d_icon_outlinedPoly":"<svg xmlns='http://www.w3.org/2000/svg' width='30' height='30'><rect fill='#{%= o.colour %}' x='4' y='4' width='22' height='22'></rect></svg>","a_d_icon_circlePoint":"<svg xmlns='http://www.w3.org/2000/svg' width='30' height='30'><circle cx='15' cy='15' r='5' fill='#{%= o.colour %}' /></svg>","add_dataset_template":"                        <div id='add-dataset-section-container' tabindex='-1'><div id='add-dataset-section'><section><h2 class='mrgn-tp-sm mrgn-bttm-sm h5'>                            {%= i18n.t('addDataset.title') %}                        </h2><button class='button-none button-close _tooltip' title='{%= i18n.t('gui.actions.close') %}'><span class='wb-invisible'>{%= i18n.t('gui.actions.close') %}</span></button><div class='add-dataset-content'></div></section></div></div>        ","filter_manager_template2":"                        <div id='categories'><div id='filterGlobalToggles' class='global-toggles'><div class='dataset-global-control'><button class='btn btn-sm button-none _tooltip' title='{%= i18n.t('addDataset.title') %}' id='addDatasetToggle'><i class='fa fa-plus'></i><span class='on-right wb-inv'>{%= i18n.t('addDataset.title') %}</span></button></div><div class='layer-checkboxes'><div class='checkbox-custom'><label for='globalVisibility' class='form-checkbox _tooltip eye checked' title=''><span class='wb-invisible'></span></label><input id='globalVisibility' checked='checked' class='layerList_legend' type='checkbox' ></input></div><div class='checkbox-custom'><label for='globalBox' class='form-checkbox _tooltip box checked' title=''><span class='wb-invisible'></span></label><input id='globalBox' checked='checked' class='layerList_legend' type='checkbox' ></input></div></div></div>                                {% include('add_dataset_template', o); %}                <ul id='layerList' role='listbox' aria-label='{%= i18n.t('filterManager.layerListLabel') %}'></ul></div>        "}